time,position_x,position_y,position_z,orientation_x,orientation_y,orientation_z,orientation_w,linear_velocity_x,linear_velocity_y,linear_velocity_z,angular_velocity_x,angular_velocity_y,angular_velocity_z
1724857696.13581,0.0,0.0,0.0,0.0,0.0,0.0,1.0,0.0,0.0,0.0,0.0,0.0,0.0
1724857696.2368639,0.0,0.0,0.0,0.0,0.0,0.0,1.0,0.0,0.0,0.0,0.0,0.0,0.0
1724857696.3312044,-1.066650821562227e-06,6.261988716114745e-06,0.0,0.0,0.0,2.119312284808452e-05,0.9999999997754258,-2.316647855107253e-05,0.00013600348337655817,0.0,0.0,0.0,0.004698892616518738
1724857696.4321752,-4.262001624237957e-05,0.0002663384129455303,0.0,0.0,0.0,0.0005568956564636421,0.9999998449336018,-0.0002630719954525975,0.0018643470834437275,0.0,0.0,0.0,0.003766083294367829
1724857696.5331225,-4.540626139635846e-05,0.0002841745072965142,0.0,0.0,0.0,0.0005757260699156703,0.9999998342697325,-0.00029020355292797256,0.0017034902331634976,0.0,0.0,0.0,0.003766083294367829
1724857696.6341982,-7.017830288625006e-05,0.000346968984715952,0.0,0.0,0.0,0.0010610091402378547,0.9999994371296438,0.0005247663722272668,-0.000852619164273822,0.0,0.0,0.0,0.0048728669205305815
1724857696.7350461,-2.526675117971579e-05,0.0002448611262775807,0.0,0.0,0.0,0.0012886154395357612,0.9999991697347799,0.00043211445557158267,-0.0013354630652404457,0.0,0.0,0.0,0.004917942429050058
1724857696.8359041,-3.243529570551473e-05,0.0001065426847925095,0.0,0.0,0.0,0.001546557475731251,0.999998804079272,-0.0005755853907364329,-0.0013013621823122535,0.0,0.0,0.0,0.005730053954162664
1724857696.9369085,0.009214968990073628,0.010500446259399093,0.0,0.0,0.0,0.001948217518696602,0.9999981022224491,0.022698069565314092,0.025906612289592304,0.0,0.0,0.0,0.006162197633223948
1724857697.0278358,0.009439829801118958,0.01075973956097727,0.0,0.0,0.0,0.0019790284474607072,0.9999980417212846,0.022475814773010062,0.025776423585621978,0.0,0.0,0.0,0.006162197633223948
1724857697.1303134,0.011456255625764933,0.013159406818060937,0.0,0.0,0.0,0.002258535364250886,0.9999974495057518,0.020801215494315232,0.025240956492764213,0.0,0.0,0.0,0.004384481277049729
1724857697.2322915,0.015274642852201634,0.018141996708929502,0.0,0.0,0.0,0.002786039152147171,0.9999961189853902,0.017719674317696863,0.024195949141983798,0.0,0.0,0.0,0.005649962226230657
1724857697.3332465,0.017000806351275766,0.02051371896632165,0.0,0.0,0.0,0.0030592431376812003,0.9999953205047635,0.01825063064667831,0.024652284253516753,0.0,0.0,0.0,0.004726089083469994
1724857697.4342537,0.014710717994992524,0.01304446679611773,0.0,0.0,0.0,0.0032137969400364776,0.9999948357412793,-0.00014127108865602352,-0.017325918989774453,0.0,0.0,0.0,0.006039607476172193
1724857697.5354555,0.014710015085674221,0.012871433122774244,0.0,0.0,0.0,0.003243994819996906,0.9999947382349609,-0.0002217447582458428,-0.017279197209783284,0.0,0.0,0.0,0.006039607476172193
1724857697.6363132,0.014581914236592266,0.009679201638466375,0.0,0.0,0.0,0.003832177254173529,0.9999926571817878,-0.0011150506998396006,-0.0162093601912424,0.0,0.0,0.0,0.005072169586291822
1724857697.7372081,0.014424445528078039,0.008105634576835628,0.0,0.0,0.0,0.004074693100818637,0.9999916984036088,-0.0024304891627937118,-0.0166750079227629,0.0,0.0,0.0,0.004689209829086679
1724857697.829262,0.014191644794696319,0.006408086207601714,0.0,0.0,0.0,0.004329234821643083,0.99999062881902,-0.0023802573492721145,-0.01591009883854839,0.0,0.0,0.0,0.0055028126394321315
1724857697.930187,0.013955817774551732,0.004905610803830688,0.0,0.0,0.0,0.004593205644689284,0.9999894511753139,-0.0028068141165438756,-0.015366882061685216,0.0,0.0,0.0,0.0035224497394414347
1724857698.0310252,0.013675532108128606,0.0033004585992214945,0.0,0.0,0.0,0.0047751018472549575,0.9999885991361843,-0.002906220798615962,-0.01566564571641636,0.0,0.0,0.0,0.004913097971219527
1724857698.1318984,0.013351837505943931,0.0018634314841050191,0.0,0.0,0.0,0.005011739413306386,0.9999874411551642,-0.0040989109329972176,-0.014104192345403796,0.0,0.0,0.0,0.006630830040825489
1724857698.232743,0.012905606509195363,0.0004948130354129141,0.0,0.0,0.0,0.005356121589889614,0.9999856558778802,-0.004756524611947408,-0.012159764410985796,0.0,0.0,0.0,0.0030560438498976163
1724857698.333827,0.020092972267134128,-0.004603273892918373,0.0,0.0,0.0,0.005599408671202944,0.9999843231883853,0.013180792478036935,-0.021924176337042446,0.0,0.0,0.0,0.022101279252224767
1724857698.4348972,0.02022655852874657,-0.0048214101238614505,0.0,0.0,0.0,0.005709913300662155,0.9999836983121769,0.013046218590315132,-0.02199953106666091,0.0,0.0,0.0,0.022101279252224767
1724857698.5359414,0.022665071435892036,-0.00908995734654375,0.0,0.0,0.0,0.00684980237496173,0.9999765398285222,0.013177972437154654,-0.023168025014654158,0.0,0.0,0.0,0.005719997197126121
1724857698.626908,0.024119455964043374,-0.011483443166159131,0.0,0.0,0.0,0.007144390451681823,0.9999744785168639,0.01442172391548856,-0.02368748013687551,0.0,0.0,0.0,0.004255958612138489
1724857698.7290611,0.023548294984768747,-0.005992821709078626,0.0,0.0,0.0,0.006791144119518762,0.9999769399148902,0.00405124115175287,0.017305913910573026,0.0,0.0,0.0,0.005608963072809281
1724857698.8299778,0.023904237571545642,-0.004203268242701216,0.0,0.0,0.0,0.0070835703385039635,0.9999749112009058,0.0032414116340045195,0.016922399305744948,0.0,0.0,0.0,0.005203672879068876
1724857698.9308543,0.024155441901626846,-0.0026020610507454384,0.0,0.0,0.0,0.007331752013123041,0.9999731223450049,0.0025005783950007563,0.016571559578773768,0.0,0.0,0.0,0.004121848483449884
1724857699.0318859,0.027430670975981064,-0.005974871633893385,0.0,0.0,0.0,0.007432287078245897,0.9999723801729659,0.030586476216760146,-0.02220693172878486,0.0,0.0,0.0,-0.011653630069671747
1724857699.1330073,0.027739454929184792,-0.006192609141885954,0.0,0.0,0.0,0.007374020524669777,0.9999728115410447,0.030516194482594124,-0.02225372187778769,0.0,0.0,0.0,-0.011653630069671747
1724857699.2339382,0.0320478239775769,-0.009337905075765606,0.0,0.0,0.0,0.007149094501675986,0.9999744448973714,0.02951818576070975,-0.02291814738403352,0.0,0.0,0.0,0.0006390732265351672
1724857699.3349056,0.037874944202770204,-0.013930086924544016,0.0,0.0,0.0,0.008136583434359286,0.9999668974571186,0.028113140570046036,-0.02385355790864531,0.0,0.0,0.0,0.025943851640264682
1724857699.4357774,0.04077923865318407,-0.016367922787475866,0.0,0.0,0.0,0.009284749136345307,0.999956895787751,0.02738800930595209,-0.0243363149193562,0.0,0.0,0.0,0.00300054642236542
1724857699.536854,0.041057243458580986,-0.01660639881658177,0.0,0.0,0.0,0.009299751220730708,0.9999567563786108,0.02731772757178607,-0.02438310506835903,0.0,0.0,0.0,0.00300054642236542
1724857699.6277606,0.046218257460650315,-0.021238246138612114,0.0,0.0,0.0,0.008420515691392176,0.9999645468292818,0.025979595997551966,-0.025273967772399635,0.0,0.0,0.0,-0.03891401086986597
1724857699.728613,0.0487274118897789,-0.023650817356665327,0.0,0.0,0.0,0.006547686623669889,0.999978563670181,0.025303081958987998,-0.025724357806773852,0.0,0.0,0.0,-0.042963029576169376
1724857699.8300104,0.05135597442007743,-0.026320540842728165,0.0,0.0,0.0,0.004396091779860399,0.9999903371418462,0.02457170220678482,-0.026211274755954427,0.0,0.0,0.0,-0.031455611751160656
1724857699.9310107,0.05160363712782723,-0.026580720122339436,0.0,0.0,0.0,0.0042388151871368615,0.9999910161825502,0.024501420472618798,-0.026258064904957256,0.0,0.0,0.0,-0.031455611751160656
1724857700.0318367,0.050572271042177167,-0.041950137477912014,0.0,0.0,0.0,0.0010122920559551224,0.9999994876322654,0.00893817065683689,-0.05275801433201776,0.0,0.0,0.0,-0.03701709153046712
1724857700.132684,0.051312548907803956,-0.047270880965090745,0.0,0.0,0.0,-0.0007816045844103995,0.9999996945470901,0.006115156225425289,-0.05706630647466533,0.0,0.0,0.0,-0.03094300941055205
1724857700.2339528,0.05177443441468835,-0.053407502300857494,0.0,0.0,0.0,-0.0021544982111026986,0.9999976790660358,0.00310475701771023,-0.061660572486386,0.0,0.0,0.0,-0.01340956623436057
1724857700.3349504,0.051911879336063664,-0.05951777574932257,0.0,0.0,0.0,-0.002796669128954959,0.9999960893132448,0.00031507518807214727,-0.06591799468493519,0.0,0.0,0.0,-0.0341530780983459
1724857700.4357598,0.051747865646333956,-0.06660325123190557,0.0,0.0,0.0,-0.004570297540188015,0.9999895561356599,-0.0027101223059719454,-0.07053484483225453,0.0,0.0,0.0,-0.023322935773120765
1724857700.536743,0.05149476500054865,-0.07089407093874127,0.0,0.0,0.0,-0.005266926504450981,0.999986129646405,-0.004450091062841599,-0.07319026651209531,0.0,0.0,0.0,-0.023322935773120765
1724857700.627961,0.0512794569258581,-0.07365270471170936,0.0,0.0,0.0,-0.005719786171523764,0.9999836418892821,-0.0055364422203927535,-0.07484818157769185,0.0,0.0,0.0,-0.02488382266500026
1724857700.7290552,0.05046262826687028,-0.08159940464758968,0.0,0.0,0.0,-0.007002901658147935,0.9999754793835528,-0.008540272127841614,-0.07943242197126313,0.0,0.0,0.0,-0.025461241322952362
1724857700.8299375,0.04790855945619522,-0.0983762241356965,0.0,0.0,0.0,-0.008667217442726161,0.9999624389654846,-0.01437834538692453,-0.08834209131990012,0.0,0.0,0.0,-0.0019211355606210496
1724857700.930783,0.04625385437747982,-0.10698438666788394,0.0,0.0,0.0,-0.008758908605441545,0.9999616400242769,-0.01715872186523417,-0.09258531232572184,0.0,0.0,0.0,-0.003829597892853902
1724857701.031829,0.044141524584973724,-0.11680377072842774,0.0,0.0,0.0,-0.00882222359250651,0.9999610834281921,-0.02018362075472071,-0.09720170676312531,0.0,0.0,0.0,0.007350178640931118
1724857701.1328382,0.04178411745275694,-0.12678099357695313,0.0,0.0,0.0,-0.008452022761450932,0.9999642810176971,-0.02311770913725052,-0.10167951239657573,0.0,0.0,0.0,0.017850282046941286
1724857701.233848,0.039167285540265086,-0.13706796039959335,0.0,0.0,0.0,-0.007564623527679983,0.9999713878261139,-0.026013756688006304,-0.10609926270632387,0.0,0.0,0.0,0.02570803999641927
1724857701.3346899,0.03624918061401609,-0.1478844476682675,0.0,0.0,0.0,-0.0062760879747645005,0.9999803051659233,-0.02893357455040183,-0.11055528964495717,0.0,0.0,0.0,0.023861794722043587
1724857701.4357996,0.03878061207675916,-0.18683048633448196,0.0,0.0,0.0,-0.0048951769177977365,0.9999880185496941,-0.019258701866025175,-0.17172280130486015,0.0,0.0,0.0,0.04213357922895509
1724857701.5284026,0.03667284825346195,-0.2041993506019574,0.0,0.0,0.0,-0.002835011167772499,0.9999959813477646,-0.020368269690761633,-0.18389961690448803,0.0,0.0,0.0,0.03598613233759231
1724857701.6320941,0.034429560081241116,-0.22356384599855011,0.0,0.0,0.0,-0.0010023384200936985,0.9999994976587196,-0.021523921966357145,-0.19658218064101243,0.0,0.0,0.0,0.055592694939554044
1724857701.7329137,0.03215334783149065,-0.24407960553014,0.0,0.0,0.0,0.0018091298145104981,0.9999983635233181,-0.022671526505318135,-0.2091764254818297,0.0,0.0,0.0,0.0711658818031496
1724857701.8337624,0.030035822123212416,-0.2646911517871357,0.0,0.0,0.0,0.005168581937426428,0.9999866427911706,-0.02375797095097833,-0.2210994764022963,0.0,0.0,0.0,0.06653647366499453
1724857701.9347227,0.02982060729880762,-0.2669107156403972,0.0,0.0,0.0,0.005501259569883859,0.999984867957083,-0.023871431972682915,-0.22234464042764124,0.0,0.0,0.0,0.06653647366499453
1724857702.0355084,0.025624749377956394,-0.3125090194636449,0.0,0.0,0.0,0.01260535846933779,0.9999205493127239,-0.026075134903668456,-0.2465289071563056,0.0,0.0,0.0,0.09525510569846932
1724857702.1364453,0.02368205981032051,-0.3367947211260007,0.0,0.0,0.0,0.01717496803755344,0.9998524993582348,-0.02716385435655878,-0.25847692486376034,0.0,0.0,0.0,0.12197365709670019
1724857702.237731,0.02183640758181658,-0.3639548574245682,0.0,0.0,0.0,0.0235380518640569,0.9997229416765652,-0.028323761788364744,-0.27120618628867044,0.0,0.0,0.0,0.13661295949667648
1724857702.330126,0.0202375909989895,-0.39213258470381224,0.0,0.0,0.0,0.030445147596573522,0.999536439049534,-0.029471490762917395,-0.283801796732581,0.0,0.0,0.0,0.1588637271809937
1724857702.4309514,0.019048608590262008,-0.4202149467898855,0.0,0.0,0.0,0.03810346618753959,0.9992737992484818,-0.030566055983494173,-0.29581396809839644,0.0,0.0,0.0,0.17878245275000676
1724857702.5319037,0.018205168057634755,-0.45206292412910876,0.0,0.0,0.0,0.04746484226050556,0.9988729092077657,-0.03175535456102587,-0.30886577903653617,0.0,0.0,0.0,0.20791648428704038
1724857702.6328378,0.01801124871500231,-0.47864720154037965,0.0,0.0,0.0,0.056205751497716686,0.9984192072965028,-0.0327106330725904,-0.319349365548583,0.0,0.0,0.0,0.20791648428704038
1724857702.734887,0.018060721575193846,-0.48339043638574203,0.0,0.0,0.0,0.05795064452196723,0.9983194492743735,-0.03287780687974223,-0.3211839939303668,0.0,0.0,0.0,0.2423702155262697
1724857702.828711,0.019834335561834702,-0.5500100268187359,0.0,0.0,0.0,0.08197991740502585,0.9966339815309656,-0.035133158696631264,-0.34593507500381665,0.0,0.0,0.0,0.2423702155262697
1724857702.9295096,0.022105800437800655,-0.5859504854396459,0.0,0.0,0.0,0.09425743617751935,0.995547857074305,-0.03628715273271183,-0.35859944059477183,0.0,0.0,0.0,0.2423702155262697
1724857703.030479,0.025183019288456746,-0.620784969395547,0.0,0.0,0.0,0.10576568022439493,0.9943910804540993,-0.037370061584495955,-0.37048369057517483,0.0,0.0,0.0,0.2423702155262697
1724857703.1317468,0.029536171350337263,-0.6596422891215182,0.0,0.0,0.0,0.11819533057497707,0.9929903644196513,-0.03854117633491597,-0.38333594533955206,0.0,0.0,0.0,0.2423702155262697
1724857703.2334988,0.03494445353677334,-0.6989032635844865,0.0,0.0,0.0,0.1303648040723436,0.9914660951637123,-0.03968946797475265,-0.3959377306844062,0.0,0.0,0.0,0.2423702155262697
1724857703.33496,0.018256948432982003,-0.7014309098186023,0.0,0.0,0.0,0.14187407481611333,0.9898847139415134,-0.06793370911701138,-0.34453066344199923,0.0,0.0,0.0,0.2423702155262697
1724857703.4357789,0.021366901178301537,-0.7376482313397548,0.0,0.0,0.0,0.15417005484695134,0.9880443280483361,-0.07218749084261614,-0.3500985387063187,0.0,0.0,0.0,0.2423702155262697
1724857703.5340455,0.025070832847886623,-0.7738036771197041,0.0,0.0,0.0,0.16622750076708195,0.9860874291809676,-0.07636677731569912,-0.3555689053769723,0.0,0.0,0.0,0.2423702155262697
1724857703.638082,0.02925560029644449,-0.8089189308391201,0.0,0.0,0.0,0.17774141323704992,0.9840772276709264,-0.0803657073819005,-0.36080319929133164,0.0,0.0,0.0,0.2423702155262697
1724857703.7288618,0.03438685985837528,-0.8469063677614668,0.0,0.0,0.0,0.1899883737953631,0.9817863402098205,-0.08462853411228995,-0.3663829137758215,0.0,0.0,0.0,0.2423702155262697
1724857703.8297746,0.04018972114760735,-0.8849078699078249,0.0,0.0,0.0,0.20203575130908885,0.9793781471898237,-0.0888319405981321,-0.37188485170026286,0.0,0.0,0.0,0.2423702155262697
1724857703.9305778,0.04638462012964761,-0.921223683281496,0.0,0.0,0.0,0.21336910246087312,0.976971660855647,-0.09279595595733947,-0.3770734449308606,0.0,0.0,0.0,0.2423702155262697
1724857704.0318792,0.04911723391513589,-0.93563232636871,0.0,0.0,0.0,0.2178246260629595,0.9759879262985438,-0.09435706447167005,-0.3791168166980436,0.0,0.0,0.0,0.2423702155262697
1724857704.1333659,0.06185429320385635,-0.9987223702256464,0.0,0.0,0.0,0.23701528613369308,0.9715059207946,-0.10109967564498057,-0.38794237954787747,0.0,0.0,0.0,0.2423702155262697
1724857704.2343705,0.07099712431141625,-1.0395573879110136,0.0,0.0,0.0,0.24918602666964054,0.9684556386911055,-0.1053925337683054,-0.39356140283114077,0.0,0.0,0.0,0.2423702155262697
1724857704.3354661,0.08034194583359372,-1.0779131896991876,0.0,0.0,0.0,0.26045647733127636,0.9654855894399369,-0.10938022430397107,-0.39878098505879656,0.0,0.0,0.0,0.2423702155262697
1724857704.426221,0.09134384400752131,-1.1199321045934763,0.0,0.0,0.0,0.27262808926381277,0.9621194961876423,-0.11370090940922913,-0.4044364317352617,0.0,0.0,0.0,0.2423702155262697
1724857704.5280144,0.10234075433364687,-1.1588574121368158,0.0,0.0,0.0,0.2837548071913332,0.9588968710950148,-0.11766423280085735,-0.4096241192331688,0.0,0.0,0.0,0.2423702155262697
1724857704.6288593,0.11536037834241868,-1.2017664063986682,0.0,0.0,0.0,0.2958636025164815,0.9552301967096567,-0.12199288541852683,-0.4152899947746147,0.0,0.0,0.0,0.2423702155262697
1724857704.729693,0.11670121400419554,-1.2058852134721791,0.0,0.0,0.0,0.2970209817263053,0.9548709527545289,-0.12240750290211636,-0.415832697381365,0.0,0.0,0.0,0.2423702155262697
1724857704.8305776,0.14333484481258693,-1.2854195502985957,0.0,0.0,0.0,0.31902052608688436,0.9477478060830569,-0.13031922295616527,-0.4261885344291384,0.0,0.0,0.0,0.2423702155262697
1724857704.9313855,0.15799322237778776,-1.3255615837609778,0.0,0.0,0.0,0.32993731317244046,0.9440028439451604,-0.13426792606137103,-0.43135708508919623,0.0,0.0,0.0,0.2423702155262697
1724857705.032222,0.2468313245203042,-1.3629672205808365,0.0,0.0,0.0,0.40643819978178297,0.9136782747543817,-0.09806018367979139,-0.4754971074028516,0.0,0.0,0.0,0.3635116492302719
1724857705.1330376,0.27478363945166506,-1.400777627078747,0.0,0.0,0.0,0.42230441103666827,0.9064540718751131,-0.09720532536289657,-0.4852977532736974,0.0,0.0,0.0,0.3635116492302719
1724857705.2338371,0.307239431487542,-1.4411376024994174,0.0,0.0,0.0,0.4392927798250896,0.8983439506077532,-0.09628223307152405,-0.4958806773384847,0.0,0.0,0.0,0.3635116492302719
1724857705.3347428,0.3130473055590207,-1.4477818592650338,0.0,0.0,0.0,0.44213821015925625,0.896946934393094,-0.09612679849152142,-0.49766267939026654,0.0,0.0,0.0,0.3635116492302719
1724857705.4360518,0.3164133969846238,-1.4515779491261194,0.0,0.0,0.0,0.4437677322530656,0.8961418413459844,-0.09603767478945124,-0.49868445086446983,0.0,0.0,0.0,0.3635116492302719
1724857705.5297763,0.41394761199625274,-1.5523478290122257,0.0,0.0,0.0,0.487068273957041,0.8733638969550487,-0.0936383470898624,-0.5261918876490786,0.0,0.0,0.0,0.3635116492302719
1724857705.6306417,0.45572825104474524,-1.5895044444864557,0.0,0.0,0.0,0.5034295377733896,0.8640362842481045,-0.09271484257280949,-0.5367795377343451,0.0,0.0,0.0,0.3635116492302719
1724857705.7314408,0.4968714959732339,-1.6230762162527317,0.0,0.0,0.0,0.5185267748112422,0.8550613918332713,-0.09185360963199111,-0.5466532663961047,0.0,0.0,0.0,0.3635116492302719
1724857705.8322937,0.5432376129224891,-1.657932854601618,0.0,0.0,0.0,0.5345473359082533,0.8451385363793258,-0.09092955052265685,-0.5572472746841806,0.0,0.0,0.0,0.3635116492302719
1724857705.933854,0.5882213886814684,-1.6883373522301603,0.0,0.0,0.0,0.5491151481870113,0.8357467044694562,-0.09007962616467885,-0.566991354474859,0.0,0.0,0.0,0.3635116492302719
1724857706.034837,0.5930727748013502,-1.6914164045617996,0.0,0.0,0.0,0.5506332586594307,0.8347472758015425,-0.08999050246260867,-0.5680131259490623,0.0,0.0,0.0,0.3635116492302719
1724857706.1358721,0.6935720324595223,-1.741065699997593,0.0,0.0,0.0,0.5797182533814245,0.8148170019681662,-0.06203063633857345,-0.5854314256197646,0.0,0.0,0.0,0.3635116492302719
1724857706.2367797,0.7475810069575431,-1.7660712972854387,0.0,0.0,0.0,0.5944785567307436,0.8041114634099753,-0.05591870426629857,-0.5952039002416872,0.0,0.0,0.0,0.3635116492302719
1724857706.3275843,0.8010816462420306,-1.7877934217036977,0.0,0.0,0.0,0.6084011837152958,0.7936296363252994,-0.05007717284675473,-0.604544026551273,0.0,0.0,0.0,0.3635116492302719
1724857706.4283996,0.8609626530027701,-1.8085759821629706,0.0,0.0,0.0,0.6232481093442324,0.7820241647154133,-0.043760537487042256,-0.6146438048241283,0.0,0.0,0.0,0.3635116492302719
1724857706.5292647,0.8668619277002583,-1.8103720882672605,0.0,0.0,0.0,0.6246684535755276,0.7808900838834867,-0.043151307502430965,-0.6156179132554924,0.0,0.0,0.0,0.3635116492302719
1724857706.6301136,0.9817031111998505,-1.8413958820749459,0.0,0.0,0.0,0.6512672115511643,0.7588484823456992,-0.03157169295775403,-0.6341327605953095,0.0,0.0,0.0,0.3635116492302719
1724857706.7309775,1.0422064814288843,-1.8534767289073009,0.0,0.0,0.0,0.6644736919717861,0.7473116569928399,-0.025693717874818365,-0.6435311573129128,0.0,0.0,0.0,0.3635116492302719
1724857706.8317602,1.108857867859356,-1.8636823080768778,0.0,0.0,0.0,0.6784666998882589,0.7346311572093408,-0.019363922706802584,-0.6536519770324256,0.0,0.0,0.0,0.3635116492302719
1724857706.9326875,1.1582606785858798,-1.8689087763044825,0.0,0.0,0.0,0.6884901917365421,0.7252456520949156,-0.014761156288736681,-0.6610114204096235,0.0,0.0,0.0,0.3635116492302719
1724857707.0339,1.1719684474054552,-1.869915699069572,0.0,0.0,0.0,0.6912214186106721,0.722643031139061,-0.013496580051767603,-0.6630333733759082,0.0,0.0,0.0,0.3635116492302719
1724857707.134885,1.3061604210737714,-1.8749121547700605,0.0,0.0,0.0,0.716982905539843,0.6970907495897822,-0.001333619964851141,-0.6824809420614364,0.0,0.0,0.0,0.3635116492302719
1724857707.2357004,1.3775951675772058,-1.8727113857626585,0.0,0.0,0.0,0.7300243306559747,0.683421156133095,0.004999167389158549,-0.69260654603924,0.0,0.0,0.0,0.3635116492302719
1724857707.3366342,1.4440901066910157,-1.8674283181747222,0.0,0.0,0.0,0.7417962762304007,0.6706252937152841,0.010827263022079259,-0.7019251896356268,0.0,0.0,0.0,0.3635116492302719
1724857707.4275026,1.4510674596349658,-1.8666114743722797,0.0,0.0,0.0,0.7430139508236306,0.6692759288077372,0.011436493006690548,-0.7028992980669909,0.0,0.0,0.0,0.3635116492302719
1724857707.528602,1.5849786089542752,-1.8469351962694092,0.0,0.0,0.0,0.7656835542600218,0.6432174552480213,0.023014306429701252,-0.7214112655620116,0.0,0.0,0.0,0.3635116492302719
1724857707.6295507,1.6587591932908143,-1.831253724597764,0.0,0.0,0.0,0.7776773780705741,0.6286635790605953,0.02933582224812224,-0.7315188472852829,0.0,0.0,0.0,0.3635116492302719
1724857707.7304604,1.7271990885316104,-1.813138119660594,0.0,0.0,0.0,0.7885365849137875,0.6149878488657327,0.035189264310942804,-0.7408780177298127,0.0,0.0,0.0,0.3635116492302719
1724857707.8314219,1.7343029903381155,-1.8109880550893755,0.0,0.0,0.0,0.7896530580623103,0.613553622671109,0.035798494295554095,-0.7418521261611768,0.0,0.0,0.0,0.3635116492302719
1724857707.9323046,1.8014297166997513,-1.7901172444582176,0.0,0.0,0.0,0.8000253911110192,0.5999661436928426,0.04152832712144185,-0.7510136556442762,0.0,0.0,0.0,0.3635116492302719
1724857708.0331728,1.9438134688060047,-1.7357665426692908,0.0,0.0,0.0,0.8212999577657979,0.5704966076795712,0.05371200010752003,-0.7704943425449631,0.0,0.0,0.0,0.3635116492302719
1724857708.1341653,2.0118838253119735,-1.704587554892213,0.0,0.0,0.0,0.8311619281256994,0.5560304391257457,0.0595805919275816,-0.7798777362001593,0.0,0.0,0.0,0.3635116492302719
1724857708.234967,2.062364145369335,-1.6789270948992006,0.0,0.0,0.0,0.8383731667421281,0.545096719203827,0.06397084051420639,-0.7868973811159369,0.0,0.0,0.0,0.3635116492302719
1724857708.335977,2.0846550448374686,-1.6667502159427798,0.0,0.0,0.0,0.8415397528020904,0.5401951910687438,0.06592682959338915,-0.7900248461157167,0.0,0.0,0.0,0.3635116492302719
1724857708.4367533,2.2226380790386133,-1.5845004843667234,0.0,0.0,0.0,0.860624220758012,0.5092405626466381,0.07811670482907605,-0.8095154499013072,0.0,0.0,0.0,0.3635116492302719
1724857708.5277572,2.2868618846592934,-1.5404327663323125,0.0,0.0,0.0,0.8693062729601484,0.4942738145928186,0.08391647637127773,-0.8187888056158151,0.0,0.0,0.0,0.3635116492302719
1724857708.6288707,2.3173365295693875,-1.5177268106966284,0.0,0.0,0.0,0.8734118537729054,0.48698227245863573,0.08672134571189727,-0.8232735600477816,0.0,0.0,0.0,0.3635116492302719
1724857708.729757,2.417789720879332,-1.4371076803084502,0.0,0.0,0.0,0.8867088820931163,0.46232819340504866,0.09611081083560605,-0.8382865393397322,0.0,0.0,0.0,0.3635116492302719
1724857708.830653,2.4843034405374955,-1.3779701871672045,0.0,0.0,0.0,0.8953542913861449,0.4453545698613796,0.10249581619276185,-0.8484956355920766,0.0,0.0,0.0,0.3635116492302719
1724857708.931448,2.5429580809640844,-1.3210297456180904,0.0,0.0,0.0,0.9029179109952585,0.42981303610286004,0.1082894435860537,-0.8577591673199001,0.0,0.0,0.0,0.3635116492302719
1724857709.0329812,2.5485425656460476,-1.3151861436789918,0.0,0.0,0.0,0.9036465606323112,0.4282789902124486,0.10885869970880735,-0.8586693608474458,0.0,0.0,0.0,0.3635116492302719
1724857709.1339982,2.6605008615899775,-1.1916880630978814,0.0,0.0,0.0,0.9179263661787453,0.3967507861036747,0.12046068302256496,-0.8772199740016698,0.0,0.0,0.0,0.3635116492302719
1724857709.2348354,2.7184709917144154,-1.119520809445776,0.0,0.0,0.0,0.9252548562226687,0.3793460834599042,0.12679075416890057,-0.8873412349877241,0.0,0.0,0.0,0.3635116492302719
1724857709.3356533,2.7723180601007207,-1.0456457593297217,0.0,0.0,0.0,0.9320881021567128,0.3622316521480383,0.13296780259947977,-0.8972178252888585,0.0,0.0,0.0,0.3635116492302719
1724857709.4367108,2.7773969486439696,-1.038124559294956,0.0,0.0,0.0,0.9327449393361205,0.36053693034536266,0.13357703258409107,-0.8981919337202227,0.0,0.0,0.0,0.3635116492302719
1724857709.5278578,2.7824505064299614,-1.0305736404372825,0.0,0.0,0.0,0.9333986951767004,0.3588410175027837,0.13418626256870236,-0.8991660421515868,0.0,0.0,0.0,0.3635116492302719
1724857709.628802,2.916274798073638,-0.8098641116819797,0.0,0.0,0.0,0.950416332552331,0.31098037690146463,0.15121450255653862,-0.9263927915933882,0.0,0.0,0.0,0.3635116492302719
1724857709.7297451,2.9573216011710017,-0.7287323145524105,0.0,0.0,0.0,0.9557158674905404,0.2942909795199368,0.15708398041225857,-0.9357776019464278,0.0,0.0,0.0,0.3635116492302719
1724857709.831012,2.99837436224622,-0.6389180302975944,0.0,0.0,0.0,0.9610812524241622,0.2762658615153234,0.16338792076925904,-0.9458570819583795,0.0,0.0,0.0,0.3635116492302719
1724857709.93177,3.0347818671277094,-0.5494600497468624,0.0,0.0,0.0,0.9659466384222124,0.2587413606689653,0.16948425280387636,-0.9556046134084365,0.0,0.0,0.0,0.3635116492302719
1724857710.0326061,3.0661279455286095,-0.4601578269120791,0.0,0.0,0.0,0.9703581803935387,0.24167126793092408,0.17539406706981517,-0.9650539183501826,0.0,0.0,0.0,0.3635116492302719
1724857710.1334853,3.0966218494965583,-0.36369552338433264,0.0,0.0,0.0,0.9746946481900725,0.2235404723749837,0.18164285533837451,-0.9750452147275219,0.0,0.0,0.0,0.3635116492302719
1724857710.2342613,3.122838388291872,-0.26693516394751754,0.0,0.0,0.0,0.9786162626286937,0.20569445913453155,0.18776749693853614,-0.984838010834903,0.0,0.0,0.0,0.3635116492302719
1724857710.3350275,2.7517197416683388,-0.3093391927098367,0.0,0.0,0.0,0.9820752120489065,0.188489463575807,0.3342919074285563,-0.7138131507491146,0.0,0.0,0.0,0.3635116492302719
1724857710.4361968,2.748582553397532,-0.2603952150910959,0.0,0.0,0.0,0.9841424790052414,0.17737976496043154,0.3423396136404764,-0.7113756323143335,0.0,0.0,0.0,0.3635116492302719
1724857710.5370443,2.7455265937509186,-0.228431066103445,0.0,0.0,0.0,0.985426187557472,0.17010358278397905,0.3476014400825225,-0.7097819112445822,0.0,0.0,0.0,0.3635116492302719
1724857710.6282027,2.722536115201786,-0.07422165583750706,0.0,0.0,0.0,0.9908786286320271,0.13475734978216664,0.37307261417248,-0.702067109689348,0.0,0.0,0.0,0.3635116492302719
1724857710.7327013,2.703972905021958,0.005817518765942241,0.0,0.0,0.0,0.9932312195382207,0.116153969086807,0.3864268638491057,-0.698022326130869,0.0,0.0,0.0,0.3635116492302719
1724857710.8337193,2.7018167435143217,0.013500601148974754,0.0,0.0,0.0,0.9934406954481763,0.11434852262903958,0.3877212516131438,-0.6976302772720371,0.0,0.0,0.0,0.3635116492302719
1724857710.9345543,2.656161771638689,0.1558054475973764,0.0,0.0,0.0,0.9967476009104527,0.0805867239640443,0.4118811892808912,-0.6903126277583076,0.0,0.0,0.0,0.3635116492302719
1724857711.035391,2.624949116401332,0.2328282093963956,0.0,0.0,0.0,0.998083370734445,0.061883641322795516,0.425234852605943,-0.6862680217961191,0.0,0.0,0.0,0.3635116492302719
1724857711.136218,2.6079634344951863,0.2693891009795002,0.0,0.0,0.0,0.9986033868273041,0.052832526127733766,0.4316913240888273,-0.6843124623051603,0.0,0.0,0.0,0.3635116492302719
1724857711.227284,2.5524692993233806,0.3756957612852164,0.0,0.0,0.0,0.9996618646763565,0.026003005822210917,0.45081360677940036,-0.6785206359951582,0.0,0.0,0.0,0.3635116492302719
1724857711.3281004,2.509437800994646,0.44707511434011554,0.0,0.0,0.0,0.9999722047338272,0.0074558540603244326,0.4640241385992106,-0.6745193822222069,0.0,0.0,0.0,0.3635116492302719
1724857711.4281702,2.4715353442574375,0.5031783887289951,0.0,0.0,0.0,-0.9999715467897239,0.007543580778845437,0.474706198990074,-0.6712839610427399,0.0,0.0,0.0,0.3635116492302719
1724857711.5290332,2.4666811060938647,0.5098167890279833,0.0,0.0,0.0,-0.9999561841882864,0.009361073848761718,0.4760005867541121,-0.670891912183908,0.0,0.0,0.0,0.3635116492302719
1724857711.629878,3.529375480410673,0.3558744938885815,0.0,0.0,0.0,0.935039654537774,0.35454314891403577,0.4896566531882331,-0.6667557132716688,0.0,0.0,0.0,0.11939200946818876
1724857711.7307615,3.541148276614837,0.5243037178352595,0.0,0.0,0.0,0.9392667016670605,0.3431880871176638,0.5159286292250458,-0.6587983619194283,0.0,0.0,0.0,0.11939200946818876
1724857711.8315809,3.5434886604746545,0.6049129005597197,0.0,0.0,0.0,0.9412200478507268,0.33779405193679113,0.5283678001191308,-0.6550307407402638,0.0,0.0,0.0,0.11939200946818876
1724857711.9326816,3.543632458395405,0.6209725502552008,0.0,0.0,0.0,0.9416040392747904,0.336722189974761,0.5308365562693707,-0.6542829949268946,0.0,0.0,0.0,0.11939200946818876
1724857712.033672,3.541432238833002,0.7783332610365867,0.0,0.0,0.0,0.9452794918711109,0.3262616775655615,0.5548775571494508,-0.6470013694186243,0.0,0.0,0.0,0.11939200946818876
1724857712.1344793,3.5372675275979892,0.859750740338717,0.0,0.0,0.0,0.9471213147598014,0.3208757004319042,0.5672199491732386,-0.6432630609745714,0.0,0.0,0.0,0.11939200946818876
1724857712.2374678,3.5304919355864977,0.9479196210295893,0.0,0.0,0.0,0.9490718466791753,0.3150597242444357,0.5805210568809065,-0.6392343732483189,0.0,0.0,0.0,0.11939200946818876
1724857712.32818,3.5214744226259276,1.0348422254872858,0.0,0.0,0.0,0.9509515813150711,0.3093397646510482,0.5935762055336422,-0.6352801824923596,0.0,0.0,0.0,0.11939200946818876
1724857712.4309757,3.510472394028273,1.118595526212375,0.0,0.0,0.0,0.9527238611875368,0.30383752948559706,0.6061103345220843,-0.6314838000613014,0.0,0.0,0.0,0.11939200946818876
1724857712.5318792,3.4405421348653813,1.2335841337079847,0.0,0.0,0.0,0.954589603949586,0.2979239635064162,0.7054202801005433,-0.6141734295008602,0.0,0.0,0.0,0.11939200946818876
1724857712.6326547,3.417631825327616,1.3202724493865645,0.0,0.0,0.0,0.9562682619817536,0.2924910445234115,0.7254904635248954,-0.6092455924486132,0.0,0.0,0.0,0.11939200946818876
1724857712.7346466,3.389449491787198,1.4153552036911543,0.0,0.0,0.0,0.9580647815628902,0.2865516957354319,0.7473916482423558,-0.603868189200377,0.0,0.0,0.0,0.11939200946818876
1724857712.8362856,3.3589462048160823,1.507730721730291,0.0,0.0,0.0,0.9597675025100527,0.28079590653286957,0.7685772409430167,-0.5986664854353054,0.0,0.0,0.0,0.11939200946818876
1724857712.9371018,3.3266905505015316,1.5964171249083616,0.0,0.0,0.0,0.9613646288122951,0.27527813292849485,0.7888518792293117,-0.5936884485307257,0.0,0.0,0.0,0.11939200946818876
1724857713.0281355,3.3231295832648398,1.605632896895528,0.0,0.0,0.0,0.9615287875532315,0.2747041876390179,0.7909588714781219,-0.5931711182077807,0.0,0.0,0.0,0.11939200946818876
1724857713.1290982,3.250382263097597,1.7814201292571499,0.0,0.0,0.0,0.9645811292736699,0.26378636251544885,0.8309715921832892,-0.5833467850921754,0.0,0.0,0.0,0.11939200946818876
1724857713.230439,3.2057252027965917,1.8779899543377314,0.0,0.0,0.0,0.9662006655835637,0.25779114380808094,0.8528904594834041,-0.5779650402350889,0.0,0.0,0.0,0.11939200946818876
1724857713.3320282,3.161653993566141,1.9666819307249395,0.0,0.0,0.0,0.9676543425790194,0.252279752037229,0.8730084160216894,-0.5730254734384761,0.0,0.0,0.0,0.11939200946818876
1724857713.4334219,3.1372837121063974,2.013076560877103,0.0,0.0,0.0,0.9684031379207736,0.24938998068326468,0.8835448240225038,-0.570438466601209,0.0,0.0,0.0,0.11939200946818876
1724857713.5343957,3.132292170099539,2.022341895614252,0.0,0.0,0.0,0.9685518412159119,0.2488118382980743,0.8856518162713141,-0.569921136278264,0.0,0.0,0.0,0.11939200946818876
1724857713.635682,3.05925951949278,2.1528681413412776,0.0,0.0,0.0,0.9706061934645015,0.24067325819116422,0.9152783304590107,-0.5626469309929296,0.0,0.0,0.0,0.11939200946818876
1724857713.7366703,2.944873458155701,2.3379216400247467,0.0,0.0,0.0,0.973405674729617,0.22908817604620949,0.9573454457671288,-0.5523181818672508,0.0,0.0,0.0,0.11939200946818876
1724857713.8274746,2.8802367475408186,2.4339914457232097,0.0,0.0,0.0,0.9748091081955189,0.22304080922346262,0.9792571295180402,-0.5469382007887597,0.0,0.0,0.0,0.11939200946818876
1724857713.9290006,2.8531562102079344,2.472384080173107,0.0,0.0,0.0,0.9753621448660713,0.22060980568020314,0.9880566758845377,-0.5447776460139997,0.0,0.0,0.0,0.11939200946818876
1724857714.031491,2.7459671326908834,2.617406349491297,0.0,0.0,0.0,0.9774002661226519,0.21139706663851665,1.0213597104606869,-0.5366007437771478,0.0,0.0,0.0,0.11939200946818876
1724857714.1323788,2.5622119007573896,2.638050837700937,0.0,0.0,0.0,0.9916313868822328,0.12910148159498205,1.041476059491458,-0.5316615716722488,0.0,0.0,0.0,0.24364651500509477
1724857714.233268,2.470063498339082,2.7196302711668245,0.0,0.0,0.0,0.9931942490041183,0.11646966877752092,1.0634901213771704,-0.5262564536652432,0.0,0.0,0.0,0.24364651500509477
1724857714.3340642,2.380914998453693,2.7922563318665734,0.0,0.0,0.0,0.9944917564739386,0.10481481911151831,1.083772395324157,-0.5212765419750235,0.0,0.0,0.0,0.24364651500509477
1724857714.4350786,2.3713912924015945,2.7996136212658613,0.0,0.0,0.0,0.9946187073114962,0.103603219380521,1.0858793875729673,-0.5207592116520785,0.0,0.0,0.0,0.24364651500509477
1724857714.5359752,2.1852089415272697,2.9360687982335083,0.0,0.0,0.0,0.9967422273505794,0.08065315998896659,1.1257430621908167,-0.5109714738588004,0.0,0.0,0.0,0.24364651500509477
1724857714.627831,2.076869228604538,3.0073533614383954,0.0,0.0,0.0,0.99768530873978,0.06800018179982899,1.1476878505495955,-0.5055833645978308,0.0,0.0,0.0,0.24364651500509477
1724857714.72915,1.975377866338268,3.073441743510848,0.0,0.0,0.0,0.9977398281192293,0.067195501223004,1.167910496014733,-0.5006180935033652,0.0,0.0,0.0,0.15791302143633215
1724857714.8303828,1.8605588318777766,3.1412146484880705,0.0,0.0,0.0,0.9982602232851702,0.058962077699502256,1.1898625181573252,-0.4952282081296841,0.0,0.0,0.0,0.16622635323196702
1724857714.9314096,1.8493151499242582,3.147531862769857,0.0,0.0,0.0,0.9983088837462181,0.05813237164764669,1.1919695104061356,-0.4947108778067391,0.0,0.0,0.0,0.16622635323196702
1724857715.0333064,1.6310197981312022,3.2646813977240945,0.0,0.0,0.0,0.9991007409600706,0.04239940345143955,1.2319048698121895,-0.48490553922985435,0.0,0.0,0.0,0.16622635323196702
1724857715.134407,1.5156766175100376,3.321152779983005,0.0,0.0,0.0,0.9994083284112407,0.0343946667704411,1.2522126127063518,-0.4799193741427962,0.0,0.0,0.0,0.16622635323196702
1724857715.2352836,1.3875662690456392,3.379908717670076,0.0,0.0,0.0,0.9996690902258359,0.025723725372686097,1.2742042197214773,-0.4745197694856659,0.0,0.0,0.0,0.16622635323196702
1724857715.3363528,1.267303334587931,3.4309590850318896,0.0,0.0,0.0,0.999841756333424,0.01778938706346932,1.2943232814211785,-0.4695799313385,0.0,0.0,0.0,0.16622635323196702
1724857715.4271557,1.2545247179004506,3.4361101334905526,0.0,0.0,0.0,0.99985619632108,0.016958380770044516,1.2964302736699889,-0.469062601015555,0.0,0.0,0.0,0.16622635323196702
1724857715.5282626,1.2417163232312394,3.4412354776070915,0.0,0.0,0.0,0.9998699456280998,0.016127362762109906,1.2985372659187993,-0.46854527069261004,0.0,0.0,0.0,0.16622635323196702
1724857715.6299114,0.8665079569944185,3.5784470931846286,0.0,0.0,0.0,-0.9999719672649805,0.007487635421462766,1.3584053166221446,-0.45384585353911333,0.0,0.0,0.0,0.16622635323196702
1724857715.7307255,0.735037009675282,3.619638445841939,0.0,0.0,0.0,-0.9998808965111478,0.01543349578233905,1.3785501486766802,-0.44889968799041263,0.0,0.0,0.0,0.16622635323196702
1724857715.831656,0.5927258107609408,3.6767337850646387,0.0,0.0,0.0,-0.9999916658957085,0.004082663239318491,1.4006673422163405,-0.4434692480431517,0.0,0.0,0.0,0.0778047561130674
1724857715.932608,0.45795629977461955,3.717659474645563,0.0,0.0,0.0,-0.9999696595964378,0.007789729557844581,1.4207455631782628,-0.4385394375323363,0.0,0.0,0.0,0.06683786788825863
1724857716.0334203,0.3996101172973486,3.734581655498994,0.0,0.0,0.0,-0.9999581230254517,0.009151622556444874,1.4293323157375883,-0.4364311300731738,0.0,0.0,0.0,0.06683786788825863
1724857716.1355767,0.16697646536818048,3.7987894806839293,0.0,0.0,0.0,-0.9998769315649234,0.015688267090837118,1.4630203483633517,-0.4281596991708974,0.0,0.0,0.0,0.09775961353468422
1724857716.2274137,0.013317503145951792,3.8379694200847254,0.0,0.0,0.0,-0.9997849031080978,0.020739998002209572,1.484799764386623,-0.4228121938199719,0.0,0.0,0.0,0.07444045330540976
1724857716.328936,-0.1317988308524209,3.872347474542716,0.0,0.0,0.0,-0.9997043814883889,0.024313568905403163,1.5050344661581159,-0.4178439625376537,0.0,0.0,0.0,0.06525461853962862
1724857716.4297738,-0.2910543804622079,3.907738044454517,0.0,0.0,0.0,-0.9996163117308025,0.027698904702302254,1.5269035509599052,-0.4124744407895749,0.0,0.0,0.0,0.04742016012305894
1724857716.5312116,-0.36042039742751797,3.922302387375802,0.0,0.0,0.0,-0.9995863983501724,0.028758168114998612,1.536320430446406,-0.41016231206264864,0.0,0.0,0.0,0.04742016012305894
1724857716.6322117,-0.604659417222799,3.9709876834191857,0.0,0.0,0.0,-0.9994825009384037,0.03216722428052739,1.5690160783552949,-0.4021345416229848,0.0,0.0,0.0,0.03023800134175158
1724857716.7333121,-0.7581109381657052,3.999472552288958,0.0,0.0,0.0,-0.9994348539511043,0.03361506667753134,1.5892042126434902,-0.397177744066247,0.0,0.0,0.0,0.0352648917430369
1724857716.8345573,-0.9279328682295894,4.029401904232839,0.0,0.0,0.0,-0.9993711390888094,0.0354587980103052,1.6112490683450185,-0.39176506524610133,0.0,0.0,0.0,0.032548052625809835
1724857716.9353707,-1.0850758755960768,4.055401563874071,0.0,0.0,0.0,-0.9993271484399379,0.03667765519907659,1.6313763182861194,-0.38682321663801894,0.0,0.0,0.0,0.0034174107684443386
1724857717.0364432,-1.1016396280323133,4.058060140631384,0.0,0.0,0.0,-0.9993265215809832,0.036694730750512876,1.6334833105349298,-0.38630588631507395,0.0,0.0,0.0,0.0034174107684443386
1724857717.1373122,-1.420492354549615,4.1072368453955885,0.0,0.0,0.0,-0.9992736722503471,0.038106796602519,1.6735418452042474,-0.376470304485629,0.0,0.0,0.0,0.04323851067304443
1724857717.2362123,-1.5981799904835725,4.132661833941317,0.0,0.0,0.0,-0.9991854426864702,0.040354071956153224,1.6954604613313133,-0.3710886212991227,0.0,0.0,0.0,0.031026268659652512
1724857717.3275783,-1.765027838611799,4.154764689391123,0.0,0.0,0.0,-0.9991180299003496,0.041990026530644674,1.7157825210892725,-0.3660989409889896,0.0,0.0,0.0,0.05323383923494229
1724857717.428691,-1.7824426194597216,4.15696966325963,0.0,0.0,0.0,-0.9991068180570942,0.042255959482993294,1.717889513338083,-0.3655816106660446,0.0,0.0,0.0,0.05323383923494229
1724857717.5295627,-2.116129201374243,4.196384130381698,0.0,0.0,0.0,-0.9988812075275308,0.047289885264629954,1.75777805408779,-0.3557877674853206,0.0,0.0,0.0,0.05323383923494229
1724857717.6307042,-2.3032991839784795,4.216066532062277,0.0,0.0,0.0,-0.9989003309436956,0.04688420672865732,1.7797632310728593,-0.350389741595045,0.0,0.0,0.0,-0.007851412706162804
1724857717.731606,-2.403095679614992,4.225998946152535,0.0,0.0,0.0,-0.9989104532914068,0.046668043725403945,1.7913777742695003,-0.3475380199590641,0.0,0.0,0.0,-0.007851412706162804
1724857717.8329256,-2.421265701171556,4.227785450440089,0.0,0.0,0.0,-0.9989122845720447,0.04662882939832711,1.7934847665183107,-0.3470206896361191,0.0,0.0,0.0,-0.007851412706162804
1724857717.9338322,-3.3943155906302365,4.45080554458348,0.0,0.0,0.0,-0.9988465195847158,0.04801697942915556,2.235671002963282,-0.465838132407021,0.0,0.0,0.0,0.03465432043843837
1724857718.03475,-3.8556557228427004,4.4990613868007125,0.0,0.0,0.0,-0.9987251459082556,0.05047853930665613,2.3095684792022007,-0.4651516468861927,0.0,0.0,0.0,0.02975556689045902
1724857718.135561,-4.083290586278504,4.521026221025927,0.0,0.0,0.0,-0.9986517542501846,0.05191024689817049,2.345179193117555,-0.4648208339716865,0.0,0.0,0.0,0.041752488646410714
1724857718.2371502,-4.33107429963288,4.543434094632614,0.0,0.0,0.0,-0.9985375360548777,0.05406282539281394,2.3833395147751624,-0.4644663359614513,0.0,0.0,0.0,0.03708991634124266
1724857718.328057,-4.564661605998575,4.5626201347135265,0.0,0.0,0.0,-0.9984393385202012,0.055846998982426455,2.418758144612617,-0.4641373074507566,0.0,0.0,0.0,0.03789384248633999
1724857718.429859,-4.589234259220724,4.564532933275725,0.0,0.0,0.0,-0.9984287393120722,0.056036171494010904,2.422453828173497,-0.464102975652389,0.0,0.0,0.0,0.03789384248633999
1724857718.530749,-5.065534546925932,4.599154511169648,0.0,0.0,0.0,-0.9982236831688607,0.05957749877927117,2.4930187337728147,-0.4634474487191561,0.0,0.0,0.0,0.028183133041615488
1724857718.6315558,-5.330595095260999,4.6159103848078615,0.0,0.0,0.0,-0.9981353284641307,0.06103987280296387,2.5314411885183814,-0.463090515570692,0.0,0.0,0.0,0.04609320568981151
1724857718.7323866,-5.576549485574525,4.629973153774408,0.0,0.0,0.0,-0.9979977164054563,0.06324996481812822,2.5665842922496007,-0.46276404661537274,0.0,0.0,0.0,0.05162488750827645
1724857718.8334584,-5.602612506070642,4.631321038373328,0.0,0.0,0.0,-0.9979813567966362,0.06350757030736597,2.5702799758104806,-0.46272971481700514,0.0,0.0,0.0,0.05162488750827645
1724857718.9368825,-6.106606195631764,4.65447375364849,0.0,0.0,0.0,-0.9975303486758412,0.07023676722810189,2.6407417904138613,-0.4620751455683867,0.0,0.0,0.0,0.0862406640772244
1724857719.027608,-6.385435287937491,4.6632185978942156,0.0,0.0,0.0,-0.9972074850772906,0.07468086572760996,2.6789309246831534,-0.4617203798975798,0.0,0.0,0.0,0.08494425627733065
1724857719.1287584,-6.529184317041319,4.6661710005243595,0.0,0.0,0.0,-0.997037814771349,0.07691291124364746,2.6984089550779005,-0.4615394348028242,0.0,0.0,0.0,0.08494425627733065
1724857719.2295656,-6.93778450813118,4.670821547441689,0.0,0.0,0.0,-0.996641217944693,0.08189189638614458,2.753036168929268,-0.46103196427391313,0.0,0.0,0.0,0.060181880767685
1724857719.3307145,-7.2079985119178485,4.671051996441324,0.0,0.0,0.0,-0.996399986205907,0.08477657393919902,2.7885886408375162,-0.46070169241028736,0.0,0.0,0.0,0.035128945467512204
1724857719.4315138,-7.503201270246338,4.668930539348796,0.0,0.0,0.0,-0.9962438354872926,0.0865922643979723,2.8269330283844503,-0.4603454844828218,0.0,0.0,0.0,0.012524624072435448
1724857719.5324714,-7.722750421126899,4.66611838622277,0.0,0.0,0.0,-0.9962023522440258,0.08706821109607125,2.8551273584296974,-0.46008356756318386,0.0,0.0,0.0,0.012524624072435448
1724857719.6332753,-7.751685106495948,4.665693155168279,0.0,0.0,0.0,-0.996196897807585,0.08713059622511442,2.8588230419905774,-0.46004923576481627,0.0,0.0,0.0,0.012524624072435448
1724857719.7342112,-8.04056463971701,4.629651724442487,0.0,0.0,0.0,-0.9961027809023503,0.08820005600114042,2.851576053659982,-0.3987287581980141,0.0,0.0,0.0,0.019105336153943987
1724857719.835364,-8.63254533011589,4.604305204788068,0.0,0.0,0.0,-0.9959293325710463,0.09013747569457553,2.915359354251684,-0.38349045215495575,0.0,0.0,0.0,0.019105336153943987
1724857719.9361968,-8.915665816297624,4.589684007138272,0.0,0.0,0.0,-0.9958463037245749,0.09105020240560509,2.945411816867313,-0.3763106947821599,0.0,0.0,0.0,0.019105336153943987
1724857720.0374749,-9.138165448405207,4.5770528048140715,0.0,0.0,0.0,-0.99578101769043,0.09176145600093405,2.968832315233673,-0.3707153631126356,0.0,0.0,0.0,0.019105336153943987
1724857720.1283505,-9.223581362237454,4.571913611853665,0.0,0.0,0.0,-0.9957559461625376,0.09203312274366003,2.9777782937872295,-0.3685781021401066,0.0,0.0,0.0,0.019105336153943987
1724857720.229168,-9.818170665478874,4.532745731700937,0.0,0.0,0.0,-0.9955813040285905,0.09390349870335661,3.0393758833366995,-0.35386197876044523,0.0,0.0,0.0,0.019105336153943987
1724857720.3299546,-10.134629275719716,4.509273957653691,0.0,0.0,0.0,-0.9954882661376143,0.09488472997446094,3.071695385430171,-0.34614060875464703,0.0,0.0,0.0,0.019105336153943987
1724857720.4307468,-10.446909452600321,4.484358152636758,0.0,0.0,0.0,-0.9953963962548995,0.09584369735542884,3.1032844999200946,-0.33859373379268737,0.0,0.0,0.0,0.019105336153943987
1724857720.5318778,-10.492327678665593,4.480554291554822,0.0,0.0,0.0,-0.9953830287183275,0.0959824262015141,3.107854575483643,-0.33750190866869384,0.0,0.0,0.0,0.019105336153943987
1724857720.6327462,-11.072357186878522,4.4293038468218535,0.0,0.0,0.0,-0.9952122130135521,0.09773766453455007,3.1656818564272733,-0.3236865401242257,0.0,0.0,0.0,0.019105336153943987
1724857720.7335856,-11.393639573047215,4.398504621531181,0.0,0.0,0.0,-0.9951175083197721,0.09869723722297566,3.1972997233944325,-0.31613279598109245,0.0,0.0,0.0,0.019105336153943987
1724857720.8348596,-11.70077586082077,4.367464205449704,0.0,0.0,0.0,-0.995026913417196,0.0996064334039124,3.2272604768099433,-0.3089749486199361,0.0,0.0,0.0,0.019105336153943987
1724857720.9363613,-12.034963298742186,4.331992327701117,0.0,0.0,0.0,-0.9949282738145442,0.10058692740317372,3.259573780317413,-0.3012550595025467,0.0,0.0,0.0,0.019105336153943987
1724857721.0371935,-12.364328869561055,4.295302524362581,0.0,0.0,0.0,-0.994830989567677,0.10154458230647502,3.2911375030092582,-0.29371425083045466,0.0,0.0,0.0,0.019105336153943987
1724857721.127984,-12.678056956565495,4.285104647699604,0.0,0.0,0.0,-0.9947372303354846,0.10245898000902139,3.303335172361386,-0.3396063341798002,0.0,0.0,0.0,0.019105336153943987
1724857721.2291431,-12.711103093306825,4.281693004980705,0.0,0.0,0.0,-0.9947274382305631,0.10255400348724193,3.3062124448621963,-0.33961283396864,0.0,0.0,0.0,0.019105336153943987
1724857721.3302286,-13.358179128087158,4.213583521792082,0.0,0.0,0.0,-0.9945355326336407,0.10439863183548191,3.362072692737582,-0.33973902285607693,0.0,0.0,0.0,0.019105336153943987
1724857721.43107,-13.682057451168207,4.178182913511765,0.0,0.0,0.0,-0.9944393499030586,0.10531087011501786,3.389701699072871,-0.3398014370719647,0.0,0.0,0.0,0.019105336153943987
1724857721.5319705,-14.030699978278852,4.13913963078993,0.0,0.0,0.0,-0.9943357193070566,0.1062848874963818,3.4192047757533155,-0.3398680848324719,0.0,0.0,0.0,0.019105336153943987
1724857721.6328857,-14.376831637175728,4.099325173955541,0.0,0.0,0.0,-0.9942327368542901,0.10724395072556711,3.4482579081680886,-0.3399337161641508,0.0,0.0,0.0,0.019105336153943987
1724857721.7339716,-14.411260003756352,4.095289840817264,0.0,0.0,0.0,-0.9942224876593011,0.10733892598936773,3.451135180668899,-0.3399402159529906,0.0,0.0,0.0,0.019105336153943987
1724857721.8350577,-14.709932045472712,4.060109144605401,0.0,0.0,0.0,-0.9941335429689091,0.10815959848337116,3.475998665868914,-0.33999638282754857,0.0,0.0,0.0,0.019105336153943987
1724857721.9359565,-15.41947583201911,3.978040715999451,0.0,0.0,0.0,-0.9939211237698437,0.11009450360527102,3.5198261908215462,-0.3553325289258196,0.0,0.0,0.0,0.019105336153943987
1724857722.0367634,-15.758386295958909,3.9372252680886723,0.0,0.0,0.0,-0.9938195736603161,0.11100745474799162,3.5439900588946016,-0.35899397997950055,0.0,0.0,0.0,0.019105336153943987
1724857722.1283216,-16.12935375226507,3.8919301484658932,0.0,0.0,0.0,-0.9937082367694697,0.11199973293053654,3.570256357174761,-0.3629740035925837,0.0,0.0,0.0,0.019105336153943987
1724857722.2319221,-16.164981231450216,3.8875208476670986,0.0,0.0,0.0,-0.993697533272786,0.11209465806888598,3.572769246559058,-0.36335477133457356,0.0,0.0,0.0,0.019105336153943987
1724857722.3328369,-16.776151067484914,3.2223582584897756,0.0,0.0,0.0,-0.9778261342420217,0.20941836403072145,3.6202764885274,-0.3705533473504897,0.0,0.0,0.0,0.16223770124355819
1724857722.4343188,-17.109360885937473,3.112010606027377,0.0,0.0,0.0,-0.9761633991190872,0.2170369052033999,3.644432747782597,-0.3742136454714497,0.0,0.0,0.0,0.1280354439295157
1724857722.5351887,-17.471946741002014,2.9857622984410006,0.0,0.0,0.0,-0.9746907673084805,0.22355739335482883,3.6706723253323226,-0.37818962020269387,0.0,0.0,0.0,0.1280354439295157
1724857722.636115,-17.804975106886555,2.8646374044601846,0.0,0.0,0.0,-0.9733025938381715,0.2295257302088097,3.6947252364709326,-0.3818342584107116,0.0,0.0,0.0,0.1280354439295157
1724857722.7272582,-17.83974755579663,2.851541636507267,0.0,0.0,0.0,-0.9731554572616331,0.23014876928174474,3.69723812585523,-0.3822150261527015,0.0,0.0,0.0,0.1280354439295157
1724857722.8281069,-18.503041807584406,2.5963764487086447,0.0,0.0,0.0,-0.9702845975232786,0.24196652621610557,3.7449758491015475,-0.38944852604403146,0.0,0.0,0.0,0.1280354439295157
1724857722.9288979,-18.866451485365026,2.4491143295954294,0.0,0.0,0.0,-0.9686556428106436,0.2484074186716226,3.7710543833252532,-0.39340009854571695,0.0,0.0,0.0,0.1280354439295157
1724857723.0297036,-19.206167243789423,2.306294474679281,0.0,0.0,0.0,-0.9670963799897223,0.2544102824391628,3.795399425140081,-0.3970890021076514,0.0,0.0,0.0,0.1280354439295157
1724857723.1305885,-19.56951063356548,2.1483426214256287,0.0,0.0,0.0,-0.9653900784492007,0.26081026903066185,3.8213988755876165,-0.4010285913716072,0.0,0.0,0.0,0.1280354439295157
1724857723.2323337,-19.620436548449298,2.125408396202495,0.0,0.0,0.0,-0.965147081917276,0.2617080630522621,3.8250497900969203,-0.4015817993570412,0.0,0.0,0.0,0.1280354439295157
1724857723.3333087,-20.28271663378282,1.852597257132993,0.0,0.0,0.0,-0.966113861945937,0.25811626402826104,3.871553147403509,-0.4086282608794733,0.0,0.0,0.0,0.051082119877481943
1724857723.4343302,-20.625963944061322,1.7006093696490487,0.0,0.0,0.0,-0.9654772421418746,0.2604874179420576,3.895708208419673,-0.41228837743622526,0.0,0.0,0.0,0.07898750939818094
1724857723.5357966,-21.00024825614635,1.5328068338807295,0.0,0.0,0.0,-0.9643955091380972,0.26446417896242624,3.921930770975132,-0.41626177395571545,0.0,0.0,0.0,0.08552205249491411
1724857723.6367831,-21.343890358342893,1.374781792735379,0.0,0.0,0.0,-0.963340550914054,0.2682815367568311,3.9459561226159856,-0.4199022361869486,0.0,0.0,0.0,0.07181744994181286
1724857723.7276137,-21.37985190207747,1.3579751316059212,0.0,0.0,0.0,-0.9632441523286185,0.2686274427617574,3.9484690120002828,-0.42028300392893847,0.0,0.0,0.0,0.07181744994181286
1724857723.8286638,-21.71888748753416,1.199290575063781,0.0,0.0,0.0,-0.9623375354920687,0.2718574401833641,3.972087621401423,-0.42386183418975726,0.0,0.0,0.0,0.0673407710261501
1724857723.9297917,-22.44532140902898,0.8506747158701483,0.0,0.0,0.0,-0.9605510203415858,0.2781038247143292,4.022454221173943,-0.4314936768752856,0.0,0.0,0.0,0.057686301399055714
1724857724.0306427,-22.795849225785485,0.6784683043756466,0.0,0.0,0.0,-0.9597752894389359,0.28076928924369005,4.046639897197397,-0.43515843239755264,0.0,0.0,0.0,0.06631930469017583
1724857724.1318018,-23.17807622631802,0.48817652310176834,0.0,0.0,0.0,-0.9587959737633022,0.2840955485312663,4.072916620157143,-0.43914003561924564,0.0,0.0,0.0,0.042779941191481125
1724857724.2346137,-23.528445997469063,0.3108034281805411,0.0,0.0,0.0,-0.9582138508669691,0.28605282030893153,4.096935022011606,-0.44277944477807224,0.0,0.0,0.0,0.03713612928925589
1724857724.3290503,-23.910217638127598,0.1157147271309504,0.0,0.0,0.0,-0.9576605224051484,0.2878998503415696,4.12299600203348,-0.44672835736411015,0.0,0.0,0.0,0.042795197195334575
1724857724.430116,-24.263130193173566,-0.06623067214236002,0.0,0.0,0.0,-0.9570704391981072,0.2898554370943248,4.146984747471879,-0.45036327280878813,0.0,0.0,0.0,0.03737267763312532
1724857724.530956,-24.648589827877792,-0.26682787612893666,0.0,0.0,0.0,-0.9565061943993967,0.29171201565171007,4.173079098450819,-0.4543172419580196,0.0,0.0,0.0,0.034413301879557205
1724857724.6317883,-25.008937773086934,-0.4560204627720225,0.0,0.0,0.0,-0.9560196322002404,0.2933026812828636,4.197371956955765,-0.4579982383986945,0.0,0.0,0.0,0.017108590910321724
1724857724.732675,-25.396887274550732,-0.6612291753237366,0.0,0.0,0.0,-0.9557592723574817,0.29414998436630446,4.223410709643579,-0.46194378296867356,0.0,0.0,0.0,0.02018716596528537
1724857724.833665,-25.75894388503741,-0.853579035086562,0.0,0.0,0.0,-0.9554703307121223,0.2950871856398844,4.247589975088207,-0.4656075671224276,0.0,0.0,0.0,0.021558438646504884
1724857724.9345942,-26.15048918869598,-1.0623171119638626,0.0,0.0,0.0,-0.9551404542109204,0.2961531913212428,4.273603744492186,-0.46954932607866934,0.0,0.0,0.0,0.0235473727514237
1724857725.035597,-26.514998198742834,-1.2575744797286321,0.0,0.0,0.0,-0.9548054279078508,0.29723155087861347,4.297704645104063,-0.47320123593321856,0.0,0.0,0.0,0.03565344700904639
1724857725.136579,-26.760596320700913,-1.3897884507656728,0.0,0.0,0.0,-0.9544636220452591,0.2983273272636026,4.3138849460607505,-0.4756529700598751,0.0,0.0,0.0,0.03565344700904639
1724857725.2274609,-26.914409753874175,-1.4730228253090019,0.0,0.0,0.0,-0.9543031338878759,0.29884030627038716,4.323999221825399,-0.4771855444616111,0.0,0.0,0.0,0.02111663246378995
1724857725.328393,-27.682889410260664,-1.8907153431714134,0.0,0.0,0.0,-0.9538558786485888,0.3002648210622228,4.374230180939397,-0.4847968340787909,0.0,0.0,0.0,0.023100706636526303
1724857725.429328,-28.053754597480083,-2.0930554228619465,0.0,0.0,0.0,-0.9535232887861063,0.3013193285246198,4.398286027763637,-0.4884419171191183,0.0,0.0,0.0,0.025813468246378913
1724857725.5311444,-28.278693166842555,-2.2163744053209538,0.0,0.0,0.0,-0.9532979583672951,0.3020314595745728,4.412828455786271,-0.49064547112982426,0.0,0.0,0.0,0.025813468246378913
1724857725.6322372,-28.83439578209043,-2.5225619826568004,0.0,0.0,0.0,-0.9526914483898832,0.3039391454959141,4.448591756993286,-0.4960645363428789,0.0,0.0,0.0,0.021520450613737717
1724857725.7330768,-29.239340625608843,-2.7472052216292133,0.0,0.0,0.0,-0.9523535036640999,0.30499640007500645,4.474513022343926,-0.49999227854226097,0.0,0.0,0.0,0.03243144445239655
1724857725.833896,-29.61974296177244,-2.9593473153878214,0.0,0.0,0.0,-0.9518899716856638,0.30644001338641486,4.498756693136572,-0.5036658217721964,0.0,0.0,0.0,0.019172023403010403
1724857725.9351718,-29.659231043756616,-2.9815078729816773,0.0,0.0,0.0,-0.9518605919366319,0.306531260262383,4.5012695825208695,-0.5040465895141863,0.0,0.0,0.0,0.019172023403010403
1724857726.036457,-30.0306392037173,-3.1899791870913248,0.0,0.0,0.0,-0.9515885494604898,0.3073747428395524,4.524837206851161,-0.5076176942179537,0.0,0.0,0.0,0.016344528144794347
1724857726.1279902,-30.828062344428204,-3.6399606646514027,0.0,0.0,0.0,-0.9511357567686465,0.3087730107961739,4.575089554531895,-0.5152322247562467,0.0,0.0,0.0,-0.006058804309593454
1724857726.228911,-31.212805293233366,-3.857987405939334,0.0,0.0,0.0,-0.9512253268439094,0.30849696525362746,4.599162775822113,-0.5188799404775906,0.0,0.0,0.0,-0.006377696824528499
1724857726.3297668,-31.632695123553383,-4.095493795561382,0.0,0.0,0.0,-0.9513275183395404,0.30818168805094714,4.625279893342678,-0.5228373593467744,0.0,0.0,0.0,-0.008982791243420597
1724857726.4312391,-31.81501232833413,-4.1984231957861935,0.0,0.0,0.0,-0.9513896812709467,0.3079897309508329,4.636568802831265,-0.5245479211416382,0.0,0.0,0.0,-0.008982791243420597
1724857726.535764,-32.449907008061594,-4.556208392731388,0.0,0.0,0.0,-0.9514338757079853,0.30785317954388897,4.675650147744249,-0.5304697558031373,0.0,0.0,0.0,0.010935770527683972
1724857726.6367488,-32.844028387605746,-4.778116990977798,0.0,0.0,0.0,-0.9512723654959837,0.3083518876927392,4.6997413426199595,-0.5341201949876014,0.0,0.0,0.0,0.02762469710248818
1724857726.738738,-33.27397215161173,-5.020675982947263,0.0,0.0,0.0,-0.9508281238227323,0.30971903226592773,4.725894047839801,-0.5380830063137637,0.0,0.0,0.0,0.04487949898377928
1724857726.8276303,-33.64915566304462,-4.879938892366309,0.0,0.0,0.0,-0.9501604279702314,0.311761384907475,4.612052657737105,-0.7163014321889201,0.0,0.0,0.0,0.0562732979765614
1724857726.9317148,-34.08025178885146,-5.104470509714243,0.0,0.0,0.0,-0.9491842209416504,0.3147210109214066,4.63231681222443,-0.7276562341635935,0.0,0.0,0.0,0.0773390802692979
1724857727.0317736,-34.121756914561445,-5.126312943726778,0.0,0.0,0.0,-0.9490624488097137,0.31508803255488715,4.6342671782127685,-0.7287491008602807,0.0,0.0,0.0,0.0773390802692979
1724857727.136766,-34.91244344630206,-5.544888833629485,0.0,0.0,0.0,-0.9462193272252862,0.32352586416749857,4.6710830399984244,-0.7540186781136179,0.0,0.0,0.0,0.10514649054345394
1724857727.227644,-35.3159792415408,-5.764119187487331,0.0,0.0,0.0,-0.9445598209025626,0.3283393743316794,4.689778688662073,-0.7685677165235906,0.0,0.0,0.0,0.10514649054345394
1724857727.3284926,-35.74584355657913,-6.001969935135071,0.0,0.0,0.0,-0.9427656235840488,0.33345611253683693,4.709688434926928,-0.7840615711820503,0.0,0.0,0.0,0.10514649054345394
1724857727.429288,-36.14670233740469,-6.228196758425917,0.0,0.0,0.0,-0.941067154774663,0.33821976613486165,4.7282586650393315,-0.7985130083077769,0.0,0.0,0.0,0.10514649054345394
1724857727.5301945,-36.58089534703569,-6.477658676016754,0.0,0.0,0.0,-0.9392005169318288,0.34336917304118253,4.74837073789181,-0.8141643144324919,0.0,0.0,0.0,0.10514649054345394
1724857727.6320324,-36.97998907295012,-6.711520018298875,0.0,0.0,0.0,-0.9374590631197209,0.34809554000977233,4.766866039049562,-0.8285574415065662,0.0,0.0,0.0,0.10514649054345394
1724857727.7330701,-37.06659109779504,-6.763282867657555,0.0,0.0,0.0,-0.9370770622639181,0.3491225850311392,4.770889650274125,-0.8316886339731203,0.0,0.0,0.0,0.10514649054345394
1724857727.8341913,-37.42673120908863,-6.978992189064938,0.0,0.0,0.0,-0.9354793867774666,0.3533812628231088,4.787591305061026,-0.8446859373230281,0.0,0.0,0.0,0.10514649054345394
1724857727.935849,-38.233112023908696,-7.474016442855536,0.0,0.0,0.0,-0.9318304730862387,0.36289388177244947,4.825002393205584,-0.8737994154465426,0.0,0.0,0.0,0.10514649054345394
1724857728.0266027,-38.661906618993086,-7.744282786389247,0.0,0.0,0.0,-0.929849171622769,0.3679409164967253,4.844911449093093,-0.8892927328502267,0.0,0.0,0.0,0.10514649054345394
1724857728.1275992,-39.08060305524568,-8.013187976680817,0.0,0.0,0.0,-0.9278863335764433,0.37286318129049056,4.864369550497998,-0.9044351154344454,0.0,0.0,0.0,0.10514649054345394
1724857728.2284322,-39.48050061894886,-8.274766497885425,0.0,0.0,0.0,-0.9259852141791992,0.3775597742364812,4.88297425345256,-0.9189133794819704,0.0,0.0,0.0,0.10514649054345394
1724857728.329639,-39.90492376682174,-8.557197083424597,0.0,0.0,0.0,-0.9239397289326053,0.38253807300704573,4.902736949342653,-0.9342927988732131,0.0,0.0,0.0,0.10514649054345394
1724857728.4329174,-40.32316084778575,-8.841417625745422,0.0,0.0,0.0,-0.9218935457891809,0.38744327356692027,4.9222526282182395,-0.9494799885057225,0.0,0.0,0.0,0.10514649054345394
1724857728.5339847,-40.364400414804294,-8.869937784000005,0.0,0.0,0.0,-0.9216897268928615,0.3879278893559502,4.924183063194977,-0.9509822617421204,0.0,0.0,0.0,0.10514649054345394
1724857728.6355455,-40.717674342964386,-9.114251072323752,0.0,0.0,0.0,-0.9199369656386838,0.392066294459867,4.940685613155205,-0.963824620814726,0.0,0.0,0.0,0.10514649054345394
1724857728.7363884,-41.56335621621594,-9.713220591417949,0.0,0.0,0.0,-0.9156589528469754,0.401956069827513,4.980251921299449,-0.994615300896916,0.0,0.0,0.0,0.10514649054345394
1724857728.8280542,-41.957988741446684,-10.000441818811826,0.0,0.0,0.0,-0.9136205621044375,0.40656791376099954,4.9987665069977405,-1.0090234352877239,0.0,0.0,0.0,0.10514649054345394
1724857728.9293728,-42.384238905600654,-10.31588888752103,0.0,0.0,0.0,-0.911389291073778,0.41154533178744296,5.018795458417724,-1.0246100559374487,0.0,0.0,0.0,0.10514649054345394
1724857729.0303392,-42.79410961811821,-10.62480107518143,0.0,0.0,0.0,-0.9092134302733609,0.4163303234338671,5.038096706089549,-1.039630374236636,0.0,0.0,0.0,0.10514649054345394
1724857729.1316113,-43.18723935156452,-10.926339653403351,0.0,0.0,0.0,-0.9070980690941145,0.4209193426842357,5.056651195598457,-1.0540695619534775,0.0,0.0,0.0,0.10514649054345394
1724857729.232583,-43.52952862493234,-11.251420960875828,0.0,0.0,0.0,-0.9048115330472248,0.4258122704487634,4.997534595245639,-0.9889845590587312,0.0,0.0,0.0,0.10514649054345394
1724857729.3335793,-43.92720883260067,-11.57722276501068,0.0,0.0,0.0,-0.902542565179933,0.43060064797724856,5.009048260541516,-0.9960249170967336,0.0,0.0,0.0,0.10514649054345394
1724857729.4345646,-44.30411598905754,-11.890584576272971,0.0,0.0,0.0,-0.9003609725049548,0.43514379139536385,5.019999228728529,-1.0027211979871424,0.0,0.0,0.0,0.10514649054345394
1724857729.5361037,-44.70653812667364,-12.231458616836342,0.0,0.0,0.0,-0.897993949765536,0.44000780241319803,5.031753279536644,-1.0099085465820017,0.0,0.0,0.0,0.10514649054345394
1724857729.6369426,-45.10194233292178,-12.573169500080038,0.0,0.0,0.0,-0.8956284676631897,0.44480293154529305,5.043371449615034,-1.017012807040881,0.0,0.0,0.0,0.10514649054345394
1724857729.7284799,-44.91773082762152,-13.610456044090448,0.0,0.0,0.0,-0.840922593392178,0.5411554230741604,5.054312422166086,-1.023702975815454,0.0,0.0,0.0,0.26764559444905345
1724857729.829255,-45.23047591182699,-14.041681824407327,0.0,0.0,0.0,-0.8333714403735267,0.5527133455687074,5.066097848921413,-1.0309095101254164,0.0,0.0,0.0,0.26764559444905345
1724857729.930055,-45.52579797030287,-14.47265041204685,0.0,0.0,0.0,-0.8258302469745199,0.5639187913006654,5.077627801384333,-1.0379598274148352,0.0,0.0,0.0,0.26764559444905345
1724857730.0311172,-45.70722905962228,-14.752940896508449,0.0,0.0,0.0,-0.8209416878600118,0.5710120358920248,5.084981620720473,-1.0424565293548989,0.0,0.0,0.0,0.26764559444905345
1724857730.132211,-45.79229577409997,-14.889332233673484,0.0,0.0,0.0,-0.8185691630998695,0.5744079780277944,5.088517924201491,-1.0446189026736987,0.0,0.0,0.0,0.26764559444905345
1724857730.2330105,-46.32563522358918,-15.785175769607111,0.0,0.0,0.0,-0.8028851805644606,0.5961336987874227,5.111392215342388,-1.058606038425777,0.0,0.0,0.0,0.26764559444905345
1724857730.3338528,-46.585755868999314,-16.263466119552987,0.0,0.0,0.0,-0.7944969614277722,0.6072681271745102,5.123292469348972,-1.065882787123651,0.0,0.0,0.0,0.26764559444905345
1724857730.4346092,-46.81269252494271,-16.70901549994383,0.0,0.0,0.0,-0.7866762626772299,0.6173657406596076,5.13419525693649,-1.0725496066164755,0.0,0.0,0.0,0.26764559444905345
1724857730.5355086,-46.95668489661393,-17.00999347584026,0.0,0.0,0.0,-0.7813963742152418,0.6240350201417175,5.141456555358845,-1.0769897340129586,0.0,0.0,0.0,0.26764559444905345
1724857730.6265442,-47.04585653953948,-17.204599915734963,0.0,0.0,0.0,-0.777983376893258,0.6282848599781494,5.146109455808502,-1.0798348822988397,0.0,0.0,0.0,0.26764559444905345
1724857730.7375264,-47.463475180366224,-18.17502455241569,0.0,0.0,0.0,-0.7608516827338131,0.6489258177027055,5.16900842282455,-1.0938371068164416,0.0,0.0,0.0,0.26764559444905345
1724857730.8298995,-47.6459624554252,-18.649176298194043,0.0,0.0,0.0,-0.752448036765429,0.6586516165377957,5.179980744086749,-1.1005464446518511,0.0,0.0,0.0,0.26764559444905345
1724857730.9306679,-47.82944418237017,-19.165835596876224,0.0,0.0,0.0,-0.7432616657085044,0.6690008193479433,5.191793652031953,-1.107769783116795,0.0,0.0,0.0,0.26764559444905345
1724857731.0336726,-47.845909798252606,-19.21631075445696,0.0,0.0,0.0,-0.7423657248293124,0.6699948735614696,5.192936015407799,-1.1084683136862337,0.0,0.0,0.0,0.26764559444905345
1724857731.134783,-47.98697735919581,-19.652110640486885,0.0,0.0,0.0,-0.7345898397636205,0.6785114349191607,5.202780572914589,-1.1144880483052633,0.0,0.0,0.0,0.26764559444905345
1724857731.235609,-48.27991261737366,-20.679395831726918,0.0,0.0,0.0,-0.7161401467997575,0.6979565102079225,5.225662953166877,-1.1284801303745164,0.0,0.0,0.0,0.26764559444905345
1724857731.3368268,-48.41078961301369,-21.216937683412816,0.0,0.0,0.0,-0.706417963606258,0.7077949284181031,5.237470304954762,-1.1357000713690777,0.0,0.0,0.0,0.26764559444905345
1724857731.42766,-48.519145356233125,-21.72041289796261,0.0,0.0,0.0,-0.6972679877767246,0.7168105420693793,5.248435681020313,-1.1424051623665088,0.0,0.0,0.0,0.26764559444905345
1724857731.5311105,-48.590184910643615,-22.180034492168513,0.0,0.0,0.0,-0.6871880045313203,0.72647962561125,5.133154452433846,-1.1187388490520889,0.0,0.0,0.0,0.26764559444905345
1724857731.6323671,-48.60297668818372,-22.259768919416953,0.0,0.0,0.0,-0.685692205306512,0.727891612523384,5.133139120915983,-1.11938149034856,0.0,0.0,0.0,0.26764559444905345
1724857731.7333632,-48.74206413978002,-23.221825349432812,0.0,0.0,0.0,-0.6674628554896573,0.7446430933954822,5.132954589321107,-1.1271163815987344,0.0,0.0,0.0,0.26764559444905345
1724857731.8287978,-48.79575448036485,-23.720173504973328,0.0,0.0,0.0,-0.6579050588817403,0.7531008786994036,5.132859462805597,-1.1311037380889666,0.0,0.0,0.0,0.26764559444905345
1724857731.9302785,-48.84096947167161,-24.26647980485387,0.0,0.0,0.0,-0.6473311298097381,0.7622089007478515,5.1327554432011775,-1.1354638604225806,0.0,0.0,0.0,0.26764559444905345
1724857732.0312793,-48.86558903576004,-24.76766962087619,0.0,0.0,0.0,-0.6375426054915673,0.7704150999188839,5.132660237495417,-1.1394545362792114,0.0,0.0,0.0,0.26764559444905345
1724857732.1321528,-48.88237782559835,-25.314784067532745,0.0,0.0,0.0,-0.6267482747918058,0.7792217913055917,5.132556401954822,-1.1438069433287636,0.0,0.0,0.0,0.26764559444905345
1724857732.2341876,-48.884207683629484,-25.823439770450367,0.0,0.0,0.0,-0.6166098741710168,0.7872688632702317,5.132459925162308,-1.1478508985049174,0.0,0.0,0.0,0.26764559444905345
1724857732.335029,-48.87252538214997,-26.36502011010322,0.0,0.0,0.0,-0.6057009225446552,0.795692398121632,5.132357196144944,-1.152156924137493,0.0,0.0,0.0,0.26764559444905345
1724857732.4358966,-48.86996804437408,-26.417559225778703,0.0,0.0,0.0,-0.6046355626770971,0.796502251312669,5.132347221730999,-1.1525750151814442,0.0,0.0,0.0,0.26764559444905345
1724857732.536671,-48.80634973883221,-27.4225026648423,0.0,0.0,0.0,-0.5840366529932431,0.8117272866920577,5.132156298079839,-1.1605778381115914,0.0,0.0,0.0,0.26764559444905345
1724857732.6376357,-48.75438015978855,-27.93720017699442,0.0,0.0,0.0,-0.5733073948373885,0.8193403633562591,5.132058241049444,-1.1646880310947105,0.0,0.0,0.0,0.26764559444905345
1724857732.7283735,-48.6780823665322,-28.45947477229313,0.0,0.0,0.0,-0.5622211762622558,0.8269869097889552,5.131128750406075,-1.1425411465796975,0.0,0.0,0.0,0.26764559444905345
1724857732.8302796,-48.596031069936444,-28.955378591588357,0.0,0.0,0.0,-0.5515928361541238,0.8341135073258614,5.130890116166438,-1.1419854846760453,0.0,0.0,0.0,0.26764559444905345
1724857732.9312992,-48.495854690077095,-29.495756701849203,0.0,0.0,0.0,-0.5398680491971427,0.8417496596114973,5.130629183503824,-1.1413779007004432,0.0,0.0,0.0,0.26764559444905345
1724857733.032386,-48.390667547709015,-29.985936224059436,0.0,0.0,0.0,-0.5290795440549747,0.8485722338508255,5.130391140683789,-1.1408236159224818,0.0,0.0,0.0,0.26764559444905345
1724857733.1334202,-48.261487447288395,-30.520731277803407,0.0,0.0,0.0,-0.5171401013929499,0.8559007626654445,5.130129890891751,-1.1402152935082548,0.0,0.0,0.0,0.26764559444905345
1724857733.2343197,-48.237062618206,-30.61070104690062,0.0,0.0,0.0,-0.5151067769547781,0.8571260166015616,5.130085620695053,-1.140112209969993,0.0,0.0,0.0,0.26764559444905345
1724857733.335193,-48.127751025488585,-31.005851340136125,0.0,0.0,0.0,-0.5061299995020573,0.8624572010274176,5.129890922267992,-1.139658852988266,0.0,0.0,0.0,0.26764559444905345
1724857733.4359937,-47.816741596631644,-32.010601575431956,0.0,0.0,0.0,-0.4828699527351727,0.8756920741593657,5.130122401567127,-1.158559834699494,0.0,0.0,0.0,0.26764559444905345
1724857733.5367823,-47.634196681299564,-32.526098930048065,0.0,0.0,0.0,-0.4706397517570798,0.8823254637978178,5.130078571331992,-1.1638775053589148,0.0,0.0,0.0,0.26764559444905345
1724857733.628073,-47.45357523776125,-32.99443578263774,0.0,0.0,0.0,-0.4593357821854934,0.8882627084393676,5.130038348009896,-1.1687575699779251,0.0,0.0,0.0,0.26764559444905345
1724857733.7289777,-47.433461938843685,-33.043055136804874,0.0,0.0,0.0,-0.4581466732355306,0.888876608873929,5.130034132301878,-1.1692690376159223,0.0,0.0,0.0,0.26764559444905345
1724857733.829798,-47.037203698479274,-33.96384297567808,0.0,0.0,0.0,-0.4353006441470303,0.900285148830736,5.118027057842161,-1.1787878709047102,0.0,0.0,0.0,0.26764559444905345
1724857733.930584,-46.80370329848231,-34.45587899240215,0.0,0.0,0.0,-0.4227611635382151,0.906241137117387,5.11302506564861,-1.1839933014695838,0.0,0.0,0.0,0.26764559444905345
1724857734.0317411,-46.719644172528874,-34.62133561330927,0.0,0.0,0.0,-0.41846751637464485,0.9082317643306891,5.111319808900022,-1.1857679135154604,0.0,0.0,0.0,0.26764559444905345
1724857734.1327395,-46.314724120379346,-35.38296215415892,0.0,0.0,0.0,-0.39837549484951157,0.9172224185569205,5.103388408363083,-1.1940218957648665,0.0,0.0,0.0,0.26764559444905345
1724857734.2336967,-46.06486339394499,-35.818416649189906,0.0,0.0,0.0,-0.38658167907629887,0.9222551736924817,5.098768125037634,-1.1988300928011744,0.0,0.0,0.0,0.26764559444905345
1724857734.3352923,-45.78106293040003,-36.28108484691751,0.0,0.0,0.0,-0.3737509364316581,0.9275291033258518,5.093769639190039,-1.2040318744118508,0.0,0.0,0.0,0.26764559444905345
1724857734.436096,-45.50793125054254,-36.70530878599426,0.0,0.0,0.0,-0.3617512284933519,0.9322746637571734,5.089120075001804,-1.208870543206652,0.0,0.0,0.0,0.26764559444905345
1724857734.537063,-45.199823707526214,-37.15488591743746,0.0,0.0,0.0,-0.3487119087046464,0.9372299636308916,5.084093917761698,-1.2141011216460265,0.0,0.0,0.0,0.26764559444905345
1724857734.628196,-45.169286678335816,-37.19730655964641,0.0,0.0,0.0,-0.3474573694792154,0.9376957803011507,5.083611731503734,-1.2146029191275185,0.0,0.0,0.0,0.26764559444905345
1724857734.7290447,-44.90791575044278,-37.55876572919182,0.0,0.0,0.0,-0.33672267995876587,0.9416038640539802,5.079495465291057,-1.2188865999345884,0.0,0.0,0.0,0.26764559444905345
1724857734.830255,-44.26534510323924,-38.38557498319365,0.0,0.0,0.0,-0.31132542976496125,0.9503033603969114,5.069822146571913,-1.228953346737855,0.0,0.0,0.0,0.26764559444905345
1724857734.9311523,-43.917781349536725,-38.798882718035266,0.0,0.0,0.0,-0.2981266393921083,0.9545263259254654,5.064828868510278,-1.2341497087542648,0.0,0.0,0.0,0.26764559444905345
1724857735.0328767,-43.56524242586487,-39.1615607269558,0.0,0.0,0.0,-0.2858084665920295,0.958286763147813,5.0771225658458645,-1.1932465648195618,0.0,0.0,0.0,0.26764559444905345
1724857735.1342082,-48.75365090032193,-42.080496473180595,0.0,0.0,0.0,-0.5834401313819849,0.8121561506834583,5.07500829093108,-1.1905847808957681,0.0,0.0,0.0,0.006284753416388678
1724857735.235047,-48.706717639523404,-42.57445270670324,0.0,0.0,0.0,-0.5831971287953408,0.8123306647941284,5.0733604816058895,-1.1871886519588146,0.0,0.0,0.0,0.004072674780513756
1724857735.3359582,-48.66455138697939,-43.01341730417363,0.0,0.0,0.0,-0.5830570997042821,0.812431177691028,5.07239534927403,-1.185311196880195,0.0,0.0,0.0,0.004072674780513756
1724857735.4372933,-48.654859299518264,-43.11371930841564,0.0,0.0,0.0,-0.583021810167022,0.8124565027554207,5.072173335462462,-1.1845505963172454,0.0,0.0,0.0,0.004586018375103398
